,City,Lat,Lng,Max Temp,Humidity,Cloudiness,Wind Speed,Country,Date
0,ilulissat,69.2167,-51.1,16.01,51,75,2.57,GL,1627409244
1,tocopilla,-22.092,-70.1979,18.61,63,9,4.06,CL,1627409608
2,chokurdakh,70.6333,147.9167,1.64,86,100,4.96,RU,1627409608
3,bandarbeyla,9.4942,50.8122,26.08,73,98,12.18,SO,1627409347
4,ushuaia,-54.8,-68.3,2.81,87,90,2.06,AR,1627409577
5,upernavik,72.7868,-56.1549,9.16,80,100,3.13,GL,1627409609
6,moose factory,51.2585,-80.6094,18.99,59,75,2.57,CA,1627409609
7,san patricio,28.017,-97.5169,34.05,41,29,3.09,US,1627409609
8,kavieng,-2.5744,150.7967,28.2,74,41,5.55,PG,1627409610
9,high level,58.5169,-117.136,20.03,51,59,3.97,CA,1627409611
10,pindiga,9.9833,10.9333,22.57,79,100,1.94,NG,1627409611
11,georgetown,5.4112,100.3354,28.83,83,40,0.0,MY,1627409188
12,punta arenas,-53.15,-70.9167,6.06,93,75,4.12,CL,1627409349
13,albany,42.6001,-73.9662,31.19,57,21,2.08,US,1627409335
14,fortuna,40.5982,-124.1573,12.77,97,75,0.0,US,1627409438
15,sabang,5.8933,95.3214,28.69,78,62,8.89,ID,1627409612
16,bilma,18.6853,12.9164,33.63,32,48,4.9,NE,1627409612
17,barrow,71.2906,-156.7887,6.01,94,90,4.63,US,1627409231
18,kisangani,0.5167,25.2,24.57,69,84,1.49,CD,1627409387
19,jamestown,42.097,-79.2353,29.62,43,75,6.26,US,1627409342
20,gigmoto,13.7796,124.39,27.71,83,100,6.78,PH,1627409613
21,mataura,-46.1927,168.8643,9.15,93,96,0.76,NZ,1627409613
22,saint george,37.1041,-113.5841,32.66,52,1,0.45,US,1627409104
23,hilo,19.7297,-155.09,24.85,89,90,0.0,US,1627409582
24,hithadhoo,-0.6,73.0833,27.26,78,98,3.35,MV,1627409338
25,puerto ayora,-0.7393,-90.3518,23.72,68,55,4.58,EC,1627409329
26,palmerston,-12.486,130.9833,21.99,95,32,0.0,AU,1627409470
27,ust-uda,54.1742,103.0304,17.51,64,45,0.96,RU,1627409615
28,thompson,55.7435,-97.8558,27.89,25,43,4.17,CA,1627409321
29,itoman,26.1247,127.6694,28.01,73,75,5.14,JP,1627409429
30,provideniya,64.3833,-173.3,8.28,99,100,4.63,RU,1627409316
31,chuy,-33.6971,-53.4616,9.5,52,8,7.72,UY,1627409355
32,ribeira grande,38.5167,-28.7,26.22,69,40,6.17,PT,1627409378
33,maraa,-1.8333,-65.3667,33.74,42,79,1.58,BR,1627409615
34,tuktoyaktuk,69.4541,-133.0374,8.98,70,100,4.34,CA,1627409209
35,new norfolk,-42.7826,147.0587,14.4,62,98,1.34,AU,1627409242
36,hami,42.8,93.45,31.96,16,2,1.94,CN,1627409495
37,chilca,-12.5211,-76.7372,19.36,80,85,3.71,PE,1627409616
38,kibala,9.1104,18.3463,21.03,97,100,2.86,TD,1627409616
39,busselton,-33.65,115.3333,8.36,66,93,5.54,AU,1627409214
40,cape town,-33.9258,18.4232,13.94,88,90,2.68,ZA,1627409307
41,bulungu,-4.55,18.6,25.31,18,31,1.7,CD,1627409617
42,kuala terengganu,5.3302,103.1408,26.46,85,42,1.9,MY,1627409356
43,weener,53.1667,7.35,22.0,82,90,4.29,DE,1627409617
44,chara,56.9064,118.2631,16.96,78,84,0.93,RU,1627409618
45,torbay,47.6666,-52.7314,19.86,94,90,5.66,CA,1627409335
46,longyearbyen,78.2186,15.6401,7.91,87,75,5.14,SJ,1627409336
47,vila franca do campo,37.7167,-25.4333,23.23,78,51,4.53,PT,1627409318
48,mount isa,-20.7333,139.5,8.87,66,3,1.54,AU,1627409618
49,shenjiamen,29.9576,122.298,25.95,91,100,6.18,CN,1627409619
50,wake forest,35.9799,-78.5097,33.93,66,40,0.45,US,1627409619
51,maceio,-9.6658,-35.7353,26.69,78,75,5.66,BR,1627409388
52,victoria,22.2855,114.1577,31.03,89,79,0.45,HK,1627409079
53,kodiak,57.79,-152.4072,14.73,63,1,1.54,US,1627409210
54,pochinki,54.6988,44.8668,17.96,64,45,0.54,RU,1627409620
55,santa ana,33.7456,-117.8678,35.87,71,40,0.89,US,1627409578
56,pamanukan,-6.2842,107.8106,22.34,73,41,1.84,ID,1627409620
57,adrar,20.5022,-10.0711,39.04,12,100,7.07,MR,1627409475
58,nioro,13.35,-15.75,30.84,58,66,4.45,GM,1627409370
59,east london,-33.0153,27.9116,23.27,30,0,3.88,ZA,1627409170
60,verden,52.9167,9.2333,24.3,83,86,3.13,DE,1627409621
61,srandakan,-7.9386,110.2506,23.37,85,37,2.06,ID,1627409621
62,bikin,46.8161,134.26,24.67,71,94,1.16,RU,1627409622
63,mingshui,36.7167,117.5,24.03,80,100,1.69,CN,1627409622
64,aljezur,37.3191,-8.8033,22.27,65,2,6.52,PT,1627409622
65,atar,20.5169,-13.0499,42.61,10,51,3.3,MR,1627409479
66,kaitangata,-46.2817,169.8464,9.96,72,89,2.25,NZ,1627409349
67,bathsheba,13.2167,-59.5167,31.34,66,40,7.72,BB,1627409374
68,leshukonskoye,64.8989,45.7622,8.04,77,100,4.1,RU,1627409623
69,lungi,9.2212,-12.6831,24.89,94,88,2.99,SL,1627409623
70,port blair,11.6667,92.75,27.85,84,91,8.02,IN,1627409426
71,mahebourg,-20.4081,57.7,19.58,86,97,7.61,MU,1627409324
72,klaksvik,62.2266,-6.589,12.51,97,94,6.02,FO,1627409624
73,santa cruz,-17.8,-63.1667,17.7,34,75,12.35,BO,1627409487
74,saint paul,44.9444,-93.0933,34.38,60,1,0.89,US,1627409597
75,twin falls,42.3505,-114.6445,28.19,37,40,2.57,US,1627409624
76,pisco,-13.7,-76.2167,20.01,79,2,3.01,PE,1627409058
77,opuwo,-18.0607,13.84,18.25,25,0,3.83,NA,1627409367
78,dharchula,29.85,80.5333,24.21,97,95,0.93,IN,1627409625
79,yinchuan,38.4681,106.2731,22.97,49,64,2.12,CN,1627409625
80,dudinka,69.4058,86.1778,19.35,91,75,4.93,RU,1627409625
81,ust-koksa,50.2696,85.6108,13.31,96,45,1.5,RU,1627409626
82,yellowknife,62.456,-114.3525,13.51,62,54,1.79,CA,1627409054
83,vaini,-21.2,-175.2,20.09,100,90,3.09,TO,1627409361
84,nabire,-3.3667,135.4833,24.69,91,100,1.5,ID,1627409626
85,khovu-aksy,51.1333,93.6,13.75,90,86,0.87,RU,1627409627
86,cape coast,5.1053,-1.2466,25.01,81,94,5.71,GH,1627409412
87,kaeo,-35.1,173.7833,8.51,94,13,2.57,NZ,1627409627
88,tomatlan,19.9333,-105.25,32.04,58,27,1.99,MX,1627409627
89,cabo san lucas,22.8909,-109.9124,35.45,68,1,3.58,MX,1627409363
90,port alfred,-33.5906,26.891,22.76,27,0,9.63,ZA,1627409083
91,pevek,69.7008,170.3133,1.09,93,100,6.54,RU,1627409333
92,lahat,-3.8,103.5333,20.76,80,3,1.35,ID,1627409385
93,hanamaki,39.3833,141.1167,20.01,97,68,2.61,JP,1627409628
94,saint anthony,45.0205,-93.218,34.03,56,1,1.34,US,1627409629
95,severo-kurilsk,50.6789,156.125,13.89,97,100,4.05,RU,1627409456
96,tabuk,17.4189,121.4443,25.47,82,100,1.14,PH,1627409629
97,najran,17.4924,44.1277,32.34,27,95,1.27,SA,1627409493
98,lugovoy,42.9472,72.7644,22.44,34,6,1.83,KZ,1627409630
99,berdigestyakh,62.0989,126.6992,11.22,78,7,1.89,RU,1627409630
100,tutoia,-2.7619,-42.2744,30.99,65,26,5.14,BR,1627409371
101,bluff,-46.6,168.3333,9.33,71,75,9.44,NZ,1627409630
102,olafsvik,64.8945,-23.7142,11.37,79,76,7.53,IS,1627409631
103,wajid,3.8093,43.2471,25.06,59,98,7.81,SO,1627409631
104,kruisfontein,-34.0033,24.7314,14.94,85,7,4.04,ZA,1627409373
105,uyuni,-20.4597,-66.825,9.18,21,0,11.14,BO,1627409631
106,comodoro rivadavia,-45.8667,-67.5,8.27,55,77,5.97,AR,1627409386
107,asau,46.4333,26.4,26.51,81,68,1.46,RO,1627409632
108,esperance,-33.8667,121.9,10.19,76,69,8.59,AU,1627409386
109,hobart,-42.8794,147.3294,14.59,65,90,2.68,AU,1627409341
110,nizhniy tsasuchey,50.5167,115.1333,14.86,92,8,1.78,RU,1627409632
111,inhambane,-23.865,35.3833,18.7,63,1,3.79,MZ,1627409363
112,tasiilaq,65.6145,-37.6368,6.09,82,49,2.41,GL,1627409352
113,iqaluit,63.7506,-68.5145,8.35,65,93,4.08,CA,1627409466
114,potoci,43.4086,17.8786,33.71,37,63,0.68,BA,1627409633
115,guerrero,17.6667,-100.0,25.39,73,89,0.86,MX,1627409633
116,rikitea,-23.1203,-134.9692,23.49,77,97,6.58,PF,1627409326
117,lebu,-37.6167,-73.65,9.82,66,1,11.06,CL,1627409393
118,nanortalik,60.1432,-45.2371,7.78,77,94,0.21,GL,1627409459
119,butaritari,3.0707,172.7902,27.79,71,100,4.16,KI,1627409346
120,talnakh,69.4865,88.3972,21.75,69,93,2.64,RU,1627409389
121,tiksi,71.6872,128.8694,2.21,95,51,2.2,RU,1627409066
122,muros,42.7762,-9.0603,25.64,58,32,6.22,ES,1627409327
123,kiama,-34.6833,150.8667,15.32,59,100,3.13,AU,1627409634
124,hobyo,5.3505,48.5268,26.05,68,92,10.27,SO,1627409440
125,pangoa,-12.1167,-73.0,30.76,41,29,2.02,PE,1627409635
126,krasnovishersk,60.4078,57.082,9.78,74,90,2.59,RU,1627409635
127,ancud,-41.8697,-73.8203,9.74,65,63,0.91,CL,1627409286
128,nova olimpia,-14.7972,-57.2881,36.24,22,44,2.78,BR,1627409636
129,dikson,73.5069,80.5464,12.48,94,100,7.88,RU,1627409326
130,georgiyevka,43.0369,74.7114,27.02,28,0,6.0,KZ,1627409636
131,portland,45.5234,-122.6762,26.36,63,75,0.45,US,1627409351
132,avarua,-21.2078,-159.775,21.03,83,40,1.54,CK,1627409331
133,mar del plata,-38.0023,-57.5575,10.56,56,40,5.36,AR,1627409209
134,pangkalanbuun,-2.6833,111.6167,23.61,93,76,1.01,ID,1627409637
135,tateyama,34.9833,139.8667,25.57,88,75,3.6,JP,1627409637
136,port-gentil,-0.7193,8.7815,24.39,79,28,4.82,GA,1627409637
137,juigalpa,12.1063,-85.3645,28.69,73,97,4.06,NI,1627409638
138,alofi,-19.0595,-169.9187,24.31,74,50,2.68,NU,1627409389
139,half moon bay,37.4636,-122.4286,29.86,68,97,1.77,US,1627409114
140,quatre cocos,-20.2078,57.7625,19.49,83,88,6.23,MU,1627409445
141,goderich,43.7501,-81.7165,25.02,80,80,4.01,CA,1627409638
142,kapaa,22.0752,-159.319,27.18,81,40,5.14,US,1627409262
143,kavaratti,10.5669,72.642,27.65,79,100,8.51,IN,1627409334
144,yangambi,0.8102,24.4336,24.04,71,70,1.55,CD,1627409639
145,carnarvon,-24.8667,113.6333,15.04,58,90,2.06,AU,1627409386
146,luderitz,-26.6481,15.1594,14.51,76,0,4.88,NA,1627409331
147,bubaque,11.2833,-15.8333,27.32,79,55,4.06,GW,1627409496
148,sulechow,52.0836,15.6251,26.53,50,0,3.09,PL,1627409640
149,malanje,-9.5402,16.341,20.54,20,76,1.34,AO,1627409640
150,panguipulli,-39.6333,-72.3333,9.84,59,28,1.75,CL,1627409640
151,norman wells,65.282,-126.8329,15.57,79,98,0.21,CA,1627409357
152,atherton,53.5237,-2.4935,19.75,86,100,0.89,GB,1627409641
153,madang,-5.2246,145.7966,24.4,93,41,0.94,PG,1627409641
154,mumbwa,-14.9783,27.0619,13.81,49,85,2.45,ZM,1627409642
155,lavrentiya,65.5833,-171.0,6.55,99,100,4.0,RU,1627409414
156,tilichiki,60.4667,166.1,9.33,90,100,3.62,RU,1627409642
157,plouzane,48.3833,-4.6167,19.18,70,75,5.14,FR,1627409642
158,arlit,18.7369,7.3853,27.6,54,93,4.34,NE,1627409371
159,tadine,-21.55,167.8833,20.18,58,26,6.18,NC,1627409643
160,joshimath,30.5667,79.5667,23.69,96,98,0.43,IN,1627409643
161,rumonge,-3.9736,29.4386,22.26,50,26,2.12,BI,1627409644
162,lata,40.1629,-8.3327,26.69,53,0,5.13,PT,1627409644
163,svetlaya,46.5389,138.3297,19.49,96,99,0.39,RU,1627409532
164,nikolskoye,59.7035,30.7861,26.94,54,42,1.99,RU,1627409264
165,narsaq,60.9167,-46.05,15.12,55,99,3.94,GL,1627409372
166,middle island,40.8843,-72.9373,33.42,44,1,0.45,US,1627409645
167,port lincoln,-34.7333,135.8667,11.81,71,25,12.31,AU,1627409345
168,souillac,-20.5167,57.5167,19.64,90,99,7.91,MU,1627409173
169,airai,-8.9266,125.4092,13.84,74,36,1.13,TL,1627409387
170,sanford,28.8006,-81.2731,35.72,60,75,1.34,US,1627409645
171,korla,41.7597,86.1469,32.55,16,0,2.49,CN,1627409217
172,portoferraio,42.8115,10.3146,27.82,93,16,6.25,IT,1627409646
173,aswan,24.0934,32.907,36.28,15,49,5.4,EG,1627409456
174,henties bay,-22.116,14.2845,16.03,65,0,4.8,NA,1627409646
175,arraial do cabo,-22.9661,-42.0278,28.92,51,0,5.66,BR,1627409330
176,lorengau,-2.0226,147.2712,27.3,78,28,3.26,PG,1627409461
177,wajir,1.7471,40.0573,27.32,44,100,9.47,KE,1627409647
178,sakaiminato,35.55,133.2333,25.54,76,90,1.14,JP,1627409647
179,menongue,-14.6585,17.691,14.71,30,1,2.34,AO,1627409241
180,pozoblanco,38.3791,-4.8483,33.32,21,0,3.91,ES,1627409647
181,rosetta,31.4044,30.4164,26.47,75,0,5.75,EG,1627409648
182,wajima,37.4,136.9,24.34,87,57,1.02,JP,1627409648
183,saint-philippe,-21.3585,55.7679,21.75,77,57,5.03,RE,1627409353
184,linxia,35.6003,103.2064,12.81,83,53,1.32,CN,1627409425
185,praia da vitoria,38.7333,-27.0667,22.26,86,85,4.7,PT,1627409649
186,la ronge,55.1001,-105.2842,22.99,40,100,5.13,CA,1627409188
187,vidalia,32.2177,-82.4135,34.36,62,40,2.57,US,1627409649
188,amposta,40.7131,0.581,27.35,59,0,4.67,ES,1627409390
189,sitka,57.0531,-135.33,15.94,72,75,3.6,US,1627409332
190,yashkul,46.1711,45.3435,22.31,49,100,2.32,RU,1627409650
191,takoradi,4.8845,-1.7554,25.26,76,94,4.65,GH,1627409650
192,dingle,10.9995,122.6711,26.14,81,96,5.23,PH,1627409324
193,berezniki,59.4152,56.8124,10.46,63,92,2.63,RU,1627409650
194,peace river,56.2501,-117.286,21.79,43,2,4.31,CA,1627409400
195,lompoc,34.6391,-120.4579,27.23,77,28,1.54,US,1627409405
196,cabatuan,10.8794,122.486,25.85,82,93,4.59,PH,1627409651
197,manggar,-2.8833,108.2667,26.79,75,79,4.78,ID,1627409583
198,gawler,-34.6,138.7333,14.39,83,90,8.31,AU,1627409357
199,san policarpo,12.1791,125.5072,27.45,77,84,5.01,PH,1627409651
200,broken hill,-31.95,141.4333,14.97,37,59,6.83,AU,1627409421
201,tongzhou,39.9053,116.5994,25.55,88,0,1.0,CN,1627409652
202,manokwari,-0.8667,134.0833,26.02,78,82,1.14,ID,1627409652
203,krasnoselkup,65.7,82.4667,8.21,95,100,4.66,RU,1627409653
204,ust-tsilma,65.441,52.1498,9.68,63,53,3.71,RU,1627409653
205,isangel,-19.55,169.2667,20.66,72,40,5.48,VU,1627409653
206,vila,42.0304,-8.1588,20.97,54,21,3.35,PT,1627409184
207,hasaki,35.7333,140.8333,23.22,75,85,5.48,JP,1627409448
208,lantana,26.5867,-80.052,34.48,68,40,2.24,US,1627409654
209,kadiri,14.1167,78.1667,25.37,65,93,7.92,IN,1627409655
210,hermanus,-34.4187,19.2345,12.67,88,53,9.27,ZA,1627409350
211,berberati,4.2612,15.7922,20.75,93,99,0.65,CF,1627409655
212,oktyabrskoye,43.0645,44.7417,14.08,100,100,6.0,RU,1627409656
213,jumla,29.2747,82.1838,18.47,98,95,0.5,NP,1627409656
214,castro,-24.7911,-50.0119,16.99,74,75,3.69,BR,1627409057
215,olot,42.181,2.4901,28.78,33,53,0.89,ES,1627409657
216,aksarka,66.5606,67.7975,9.84,79,100,3.14,RU,1627409657
217,clyde river,70.4692,-68.5914,9.11,71,42,1.29,CA,1627409472
218,saldanha,-33.0117,17.9442,14.29,86,100,5.8,ZA,1627409231
219,bereda,43.2686,-7.5406,20.32,75,89,2.52,ES,1627409342
220,onda,39.9667,-0.25,28.42,71,0,3.3,ES,1627409658
221,baruun-urt,46.6806,113.2792,16.69,62,79,1.97,MN,1627409658
222,bredasdorp,-34.5322,20.0403,12.38,82,42,6.87,ZA,1627409341
223,atuona,-9.8,-139.0333,25.64,66,32,9.41,PF,1627409216
224,havre-saint-pierre,50.2334,-63.5986,21.2,78,40,3.6,CA,1627409659
225,bengkulu,-3.8004,102.2655,23.56,81,2,2.19,ID,1627409333
226,svetlyy,54.675,20.1347,23.03,77,50,3.49,RU,1627409659
227,upata,8.0086,-62.3989,31.22,59,64,1.98,VE,1627409660
228,broome,42.2506,-75.833,31.12,49,1,0.89,US,1627409206
229,vani,42.0832,42.5216,21.83,94,90,1.03,GE,1627409660
230,quixeramobim,-5.1992,-39.2928,34.65,26,41,3.32,BR,1627409660
231,moerai,-22.4333,-151.3333,23.3,78,100,5.48,PF,1627409661
232,gamba,-2.65,10.0,22.91,87,66,3.46,GA,1627409661
233,dire dawa,9.5931,41.8661,21.81,69,93,3.91,ET,1627409661
234,karratha,-20.7377,116.8463,21.27,85,9,3.91,AU,1627409471
235,surt,31.2089,16.5887,27.03,66,0,7.33,LY,1627409662
236,balabac,7.9868,117.0645,28.92,79,100,7.01,PH,1627409662
237,aklavik,68.2191,-135.0107,13.0,88,90,2.06,CA,1627409383
238,sosnogorsk,63.6023,53.8817,7.4,89,87,5.07,RU,1627409663
239,sao jose da coroa grande,-8.8978,-35.1478,25.91,75,31,4.42,BR,1627409382
240,charters towers,-20.1,146.2667,13.55,89,55,3.44,AU,1627409663
241,vangazi,57.0936,24.5486,20.88,96,99,3.13,LV,1627409663
242,kitob,39.0843,66.8332,29.32,20,0,5.88,UZ,1627409664
243,ponta do sol,32.6667,-17.1,24.84,75,3,1.72,PT,1627409252
244,fairlie,55.756,-4.8556,20.62,79,100,0.89,GB,1627409664
245,weligama,5.9667,80.4167,26.31,87,93,5.37,LK,1627409664
246,ayr,55.4627,-4.6339,20.67,77,20,3.09,GB,1627409665
247,saumur,47.3333,-0.25,20.06,91,87,5.98,FR,1627409665
248,zhigansk,66.7697,123.3711,10.35,78,47,5.48,RU,1627409474
249,sokoto,13.0609,5.239,24.95,82,100,7.12,NG,1627409665
250,vostok,46.4856,135.8833,21.18,85,92,1.32,RU,1627409500
251,bintulu,3.1667,113.0333,26.75,85,52,2.01,MY,1627409666
252,codrington,-38.2667,141.9667,12.1,89,91,10.6,AU,1627409139
253,sangar,63.9242,127.4739,11.86,73,25,0.7,RU,1627409666
254,pak phanang,8.3511,100.202,28.37,80,14,4.55,TH,1627409666
255,naze,28.3667,129.4833,24.42,85,100,4.2,JP,1627409667
256,kijang,35.2442,129.2139,24.36,86,0,2.7,KR,1627409424
257,dargaville,-35.9333,173.8833,11.77,80,27,4.36,NZ,1627409667
258,dunedin,-45.8742,170.5036,7.22,73,46,2.35,NZ,1627409667
259,belyy yar,53.6039,91.3903,17.94,94,0,3.0,RU,1627409668
260,balestrand,61.2076,6.5334,22.22,79,100,1.82,NO,1627409668
261,liverpool,53.4106,-2.9779,19.97,80,40,1.79,GB,1627409669
262,beringovskiy,63.05,179.3167,8.93,96,100,4.28,RU,1627409345
263,sao joao da barra,-21.6403,-41.0511,27.05,67,0,6.29,BR,1627409482
264,sao felix do xingu,-6.6447,-51.995,35.88,21,72,1.59,BR,1627409669
265,borba,-4.3878,-59.5939,36.54,26,0,1.51,BR,1627409669
266,lagoa,39.05,-27.9833,22.37,84,100,5.19,PT,1627409492
267,claremore,36.3126,-95.6161,35.34,71,29,1.79,US,1627409443
268,kodinsk,58.6881,99.1844,18.47,76,100,1.89,RU,1627409670
269,beira,-19.8436,34.8389,21.05,73,20,3.09,MZ,1627409670
270,cerea,45.1921,11.2103,24.87,79,70,4.24,IT,1627409671
271,kungurtug,50.5994,97.5228,11.77,95,71,0.95,RU,1627409671
272,fairbanks,64.8378,-147.7164,17.28,77,90,2.06,US,1627409645
273,yulara,-25.2406,130.9889,19.91,34,90,2.57,AU,1627409420
274,coahuayana,18.7333,-103.6833,31.71,58,90,2.05,MX,1627409409
275,salalah,17.0151,54.0924,26.05,94,75,2.57,OM,1627409122
276,omsukchan,62.5333,155.8,6.53,78,100,3.33,RU,1627409672
277,golyshmanovo,56.3979,68.3728,12.72,88,91,2.83,RU,1627409672
278,grindavik,63.8424,-22.4338,12.26,82,0,8.75,IS,1627409342
279,strezhevoy,60.7333,77.5889,15.99,66,68,3.15,RU,1627409672
280,bemidji,47.4736,-94.8803,28.97,52,1,2.06,US,1627409673
281,kang,-23.6752,22.7876,10.47,40,0,2.62,BW,1627409673
282,abonnema,4.7084,6.7931,25.73,73,100,3.94,NG,1627409673
283,polson,47.6936,-114.1632,30.43,27,48,1.05,US,1627409674
284,vangaindrano,-23.35,47.6,16.73,89,97,3.52,MG,1627409674
285,cadereyta,25.5833,-99.9833,32.96,35,0,2.86,MX,1627409459
286,cidreira,-30.1811,-50.2056,11.78,63,75,8.26,BR,1627409385
287,khatanga,71.9667,102.5,23.51,58,75,5.9,RU,1627409327
288,monrovia,6.3005,-10.7969,24.87,77,82,6.45,LR,1627409675
289,qaanaaq,77.484,-69.3632,6.06,97,83,1.78,GL,1627409210
290,marawi,7.9986,124.2928,22.58,87,100,3.05,PH,1627409675
291,vardo,70.3705,31.1107,13.11,100,90,3.6,NO,1627409375
292,akdepe,42.0551,59.3788,30.0,26,0,6.57,TM,1627409676
293,celinac,44.7228,17.3278,31.37,52,80,1.6,BA,1627409676
294,zyryanka,65.75,150.85,8.81,65,100,4.85,RU,1627409537
295,benghazi,32.1167,20.0667,26.98,66,0,7.36,LY,1627409677
296,safaga,26.7292,33.9365,32.92,45,1,3.85,EG,1627409677
297,mogadishu,2.0371,45.3438,24.76,81,96,9.69,SO,1627409677
298,tecoanapa,16.5167,-98.75,30.91,58,84,3.12,MX,1627409678
299,evensk,61.95,159.2333,11.41,65,100,3.98,RU,1627409678
300,bud,39.447,-86.1758,32.05,50,0,0.61,US,1627409678
301,tsumeb,-19.2333,17.7167,16.01,26,0,3.56,NA,1627409444
302,toamasina,-18.1667,49.3833,19.26,84,24,4.68,MG,1627409679
303,santa marta,11.2408,-74.199,27.93,78,72,2.33,CO,1627409521
304,porbandar,21.6422,69.6093,27.77,84,100,10.71,IN,1627409679
305,goundam,16.4145,-3.6708,36.03,35,95,5.08,ML,1627409680
306,ilebo,-4.3167,20.5833,24.03,26,98,0.88,CD,1627409680
307,leningradskiy,69.3833,178.4167,2.05,98,100,2.61,RU,1627409186
308,christchurch,-43.5333,172.6333,3.28,85,17,0.45,NZ,1627409681
309,sibolga,1.7427,98.7792,25.07,89,60,1.06,ID,1627409161
310,sovetskiy,61.3614,63.5842,7.94,73,50,2.36,RU,1627409681
311,port shepstone,-30.7414,30.455,17.32,39,6,2.33,ZA,1627409681
312,teya,60.3778,92.6267,14.96,97,100,2.1,RU,1627409450
313,tamsweg,47.1281,13.811,20.2,87,74,2.02,AT,1627409682
314,namuac,18.6109,121.1657,27.75,79,100,4.19,PH,1627409440
315,chimbote,-9.0853,-78.5783,21.81,71,28,5.0,PE,1627409682
316,stepnyak,52.8339,70.7803,13.37,60,62,4.04,KZ,1627409683
317,bambous virieux,-20.3428,57.7575,19.56,85,95,7.05,MU,1627409347
318,chicama,-7.8447,-79.1469,19.3,58,20,4.87,PE,1627409383
319,talcahuano,-36.7167,-73.1167,12.82,50,0,7.72,CL,1627409472
320,sampit,-2.5333,112.95,23.46,93,89,1.05,ID,1627409237
321,govindgarh,27.5,76.9833,28.15,78,95,5.67,IN,1627409684
322,hirara,24.8,125.2833,27.74,90,87,2.74,JP,1627409396
323,nago,26.5881,127.9761,28.04,94,89,4.94,JP,1627409684
324,luganville,-15.5333,167.1667,24.62,86,99,5.86,VU,1627409684
325,frankfort,-27.2667,28.4833,7.73,37,0,1.38,ZA,1627409685
326,inverell,-29.7833,151.1167,8.42,67,0,1.34,AU,1627409685
327,riberalta,-10.9833,-66.1,36.73,28,25,0.38,BO,1627409685
328,ust-nera,64.5667,143.2,9.14,89,99,3.02,RU,1627409685
329,joao pinheiro,-17.7425,-46.1725,28.06,19,1,2.11,BR,1627409459
330,rawlins,41.7911,-107.2387,30.94,19,1,2.57,US,1627409686
331,potosi,-19.5836,-65.7531,11.08,19,3,12.09,BO,1627409686
332,okhotsk,59.3833,143.3,14.18,90,4,2.41,RU,1627409686
333,maloy,61.9353,5.1136,22.36,93,100,4.4,NO,1627409687
334,poum,-20.2333,164.0167,20.66,70,29,5.23,NC,1627409448
335,tehachapi,35.1322,-118.449,30.45,37,1,4.02,US,1627409687
336,stonewall,50.1344,-97.3268,28.9,24,0,2.08,CA,1627409688
337,namibe,-15.1961,12.1522,19.39,82,26,2.67,AO,1627409369
338,anadyr,64.75,177.4833,10.0,99,100,4.02,RU,1627409336
339,nome,64.5011,-165.4064,10.04,93,90,3.09,US,1627409410
340,conchas,-23.0153,-48.0106,31.06,20,0,7.59,BR,1627409688
341,pacific grove,36.6177,-121.9166,29.34,81,1,0.45,US,1627409406
342,cherskiy,68.75,161.3,2.15,85,91,7.61,RU,1627409340
343,yambio,4.5721,28.3955,19.38,97,95,0.92,SS,1627409689
344,pran buri,12.3847,99.9098,29.94,68,100,5.09,TH,1627409472
345,warrnambool,-38.3833,142.4833,14.34,83,88,11.69,AU,1627409689
346,carutapera,-1.195,-46.02,28.91,67,49,3.8,BR,1627409351
347,la asuncion,11.0333,-63.8628,28.26,73,4,5.71,VE,1627409690
348,namsos,64.4662,11.4957,27.03,44,0,3.09,NO,1627409690
349,wundanyi,-3.4019,38.364,14.67,79,74,4.66,KE,1627409690
350,crowley,30.2141,-92.3746,34.1,71,1,0.53,US,1627409540
351,aleksandrovskoye,44.7142,43.0008,16.08,69,100,6.19,RU,1627409691
352,kamaishi,39.2667,141.8833,22.37,98,98,6.07,JP,1627409433
353,puerto del rosario,28.5004,-13.8627,25.86,57,20,9.26,ES,1627409691
354,honiara,-9.4333,159.95,24.96,89,79,3.11,SB,1627409692
355,beidao,34.5686,105.8933,18.88,80,69,0.47,CN,1627409692
356,moranbah,-22.0016,148.0466,11.58,89,22,1.68,AU,1627409692
357,sur,22.5667,59.5289,35.42,46,100,7.84,OM,1627409328
358,limuru,-1.1,36.65,13.13,82,99,2.6,KE,1627409693
359,nizhniy kuranakh,58.8353,125.4869,16.79,95,28,0.63,RU,1627409493
360,honningsvag,70.9821,25.9704,7.74,100,90,4.63,NO,1627409693
361,kazerun,29.6195,51.6541,37.22,11,40,10.22,IR,1627409693
362,necochea,-38.5473,-58.7368,8.35,78,93,11.69,AR,1627409392
363,la crosse,43.8014,-91.2396,24.95,83,20,4.63,US,1627409694
364,awbari,26.5921,12.7805,34.67,13,3,4.15,LY,1627409436
365,san quintin,30.4833,-115.95,24.17,68,7,4.67,MX,1627409694
366,richards bay,-28.783,32.0377,19.26,64,20,8.28,ZA,1627409340
367,gorontalo,0.5412,123.0595,22.79,90,57,1.44,ID,1627409685
368,glyadyanskoye,54.9075,65.0883,15.13,76,83,4.17,RU,1627409695
369,sioux lookout,50.1001,-91.917,26.54,31,0,3.25,CA,1627409228
370,iwaki,37.05,140.8833,24.45,82,87,3.58,JP,1627409695
371,berbera,10.4396,45.0143,33.77,38,74,10.14,SO,1627409695
372,diapaga,12.0708,1.7889,25.55,76,100,3.07,BF,1627409696
373,meylan,45.2199,5.7901,26.96,63,86,1.03,FR,1627409696
374,ornskoldsvik,63.2909,18.7153,24.9,43,0,2.57,SE,1627409696
375,vila velha,-20.3297,-40.2925,25.97,69,20,6.69,BR,1627409211
376,zabaykalsk,49.6333,117.3167,15.31,84,3,1.61,RU,1627409697
377,zandvoort,52.3749,4.5341,18.97,80,40,5.14,NL,1627409697
378,saulkrasti,57.2622,24.4147,20.97,95,100,5.0,LV,1627409697
379,los llanos de aridane,28.6585,-17.9182,22.29,78,40,9.77,ES,1627409698
380,eyl,7.9803,49.8164,28.23,59,100,8.17,SO,1627409399
381,beloha,-25.1667,45.05,16.23,70,46,4.58,MG,1627409496
382,liku,-0.7275,119.8922,23.77,88,77,1.48,ID,1627409698
383,pasighat,28.0667,95.3333,26.36,87,98,1.34,IN,1627409699
384,guerrero negro,27.9769,-114.0611,25.84,55,0,4.89,MX,1627409426
385,yerbogachen,61.2767,108.0108,18.47,67,5,2.34,RU,1627409449
386,kawalu,-7.3817,108.2082,20.39,93,45,0.39,ID,1627409699
387,pimentel,-6.8367,-79.9342,24.16,79,0,2.68,PE,1627409699
388,altay,47.8667,88.1167,19.12,61,2,2.38,CN,1627409700
389,cowra,-33.8333,148.6833,12.37,61,77,6.39,AU,1627409700
390,agadez,19.75,10.25,34.26,29,62,1.53,NE,1627409491
391,katsuura,35.1333,140.3,25.62,85,78,6.69,JP,1627409336
392,sao filipe,14.8961,-24.4956,24.17,77,53,3.41,CV,1627409417
393,lasa,46.6166,10.7002,19.41,88,72,2.09,IT,1627409701
394,sobolevo,54.4299,31.8996,19.73,73,100,3.09,RU,1627409701
395,sao gabriel da cachoeira,-0.1303,-67.0892,32.98,44,76,1.65,BR,1627409702
396,erzin,36.9559,36.2,29.4,66,0,2.54,TR,1627409702
397,brainerd,46.358,-94.2008,29.14,61,20,2.58,US,1627409423
398,north platte,41.1239,-100.7654,34.45,42,1,0.89,US,1627409704
399,kaa-khem,51.6833,94.7333,18.27,77,83,1.67,RU,1627409704
400,saint-augustin,51.226,-58.6502,18.82,84,97,4.14,CA,1627409383
401,riyadh,24.6877,46.7219,41.08,11,25,1.93,SA,1627409581
402,sangre grande,10.5835,-61.1177,29.96,85,42,3.49,TT,1627409704
403,samarai,-10.6167,150.6667,25.87,84,83,5.16,PG,1627409410
404,abu zabad,12.35,29.25,25.48,74,100,3.64,SD,1627409705
405,usak,38.5,29.4167,24.76,37,0,6.17,TR,1627409705
406,sembakung,3.8167,117.25,23.98,98,92,0.88,ID,1627409706
407,golfito,8.639,-83.166,28.74,71,65,2.42,CR,1627409706
408,vetlanda,57.4289,15.0776,15.93,98,100,1.25,SE,1627409684
409,odweyne,9.4092,45.064,22.78,50,98,8.74,SO,1627409706
410,san nicolas,18.1725,120.5953,26.49,91,100,6.84,PH,1627409707
411,bethel,41.3712,-73.414,32.67,54,1,2.06,US,1627409338
412,superior,46.7208,-92.1041,24.9,71,90,3.6,US,1627409708
413,fort smith,35.3859,-94.3986,35.21,60,40,2.24,US,1627409708
414,lock haven,41.137,-77.4469,32.77,45,0,2.46,US,1627409709
415,corumba,-19.0092,-57.6533,17.95,63,90,5.14,BR,1627409709
416,faanui,-16.4833,-151.75,25.5,74,47,4.15,PF,1627409354
417,ede,52.0333,5.6583,19.49,91,90,4.12,NL,1627409710
418,jiupu,41.0667,122.95,23.35,81,39,0.37,CN,1627409710
419,kudahuvadhoo,2.6708,72.8944,27.91,74,99,4.07,MV,1627409710
420,kralendijk,12.15,-68.2667,27.22,81,73,6.68,BQ,1627409711
421,vanimo,-2.6741,141.3028,25.05,92,72,2.95,PG,1627409346
422,millbrook,32.4799,-86.3619,33.63,73,40,3.09,US,1627409711
423,ewa beach,21.3156,-158.0072,27.97,60,1,6.71,US,1627409712
424,nouadhibou,20.931,-17.0347,20.87,87,2,12.48,MR,1627409693
425,bremen,53.0752,8.8078,19.89,74,20,2.06,DE,1627409652
426,yumen,40.2833,97.2,25.36,23,34,4.05,CN,1627409485
427,yabelo,4.8833,38.0833,18.04,52,97,3.03,ET,1627409712
428,fort nelson,58.8053,-122.7002,20.73,51,15,0.99,CA,1627409456
429,te anau,-45.4167,167.7167,6.52,93,74,2.24,NZ,1627409222
430,geraldton,-28.7667,114.6,15.63,72,90,2.57,AU,1627409394
431,batagay,67.6333,134.6333,5.24,82,11,2.18,RU,1627409713
432,odessa,46.4775,30.7326,23.96,64,0,2.0,UA,1627409713
433,sambava,-14.2667,50.1667,21.1,78,44,5.61,MG,1627409447
434,padang,-0.9492,100.3543,25.24,89,18,1.51,ID,1627409221
435,avera,33.194,-82.5271,33.73,46,45,2.0,US,1627409388
436,constitucion,-35.3333,-72.4167,12.05,51,0,4.62,CL,1627409418
437,meulaboh,4.1363,96.1285,25.15,90,38,1.9,ID,1627409395
438,kentville,45.0835,-64.4988,25.54,73,46,6.87,CA,1627409692
439,maldonado,-34.6667,-54.9167,8.66,63,59,9.27,UY,1627409667
440,cururupu,-1.8283,-44.8683,30.12,57,32,3.35,BR,1627409331
441,bambanglipuro,-7.95,110.2833,23.2,85,36,2.04,ID,1627409715
442,bapatla,15.9,80.4667,30.6,58,91,3.99,IN,1627409715
443,pachino,36.7186,15.0907,32.02,64,0,5.71,IT,1627409715
444,booue,-0.0921,11.9385,26.48,60,96,1.26,GA,1627409716
445,touros,-5.1989,-35.4608,24.5,66,9,7.39,BR,1627409448
446,mount gambier,-37.8333,140.7667,10.76,89,96,8.75,AU,1627409716
447,waipawa,-41.4122,175.5153,5.02,89,9,1.58,NZ,1627409717
448,maniitsoq,65.4167,-52.9,9.08,83,100,6.99,GL,1627409717
449,omboue,-1.5746,9.2618,23.92,78,70,3.32,GA,1627409717
450,barentu,15.1139,37.5928,22.61,81,97,1.44,ER,1627409718
451,yantai,37.5333,121.4,24.79,85,99,2.47,CN,1627409459
452,tambura,5.6,27.4667,19.59,98,91,0.89,SS,1627409718
453,iquitos,-3.7481,-73.2472,32.02,58,75,2.06,PE,1627409718
454,labuhan,-6.8844,112.2051,23.12,86,38,3.2,ID,1627409719
455,san felipe,10.3399,-68.7425,27.66,82,65,1.51,VE,1627409719
456,midleton,51.9153,-8.1805,19.88,63,95,5.23,IE,1627409719
457,ornes,66.8689,13.7078,28.39,56,11,1.58,NO,1627409720
458,mange,8.9167,-12.85,25.16,93,88,2.66,SL,1627409720
459,banda aceh,5.5577,95.3222,26.82,83,61,5.42,ID,1627409463
460,gadung,6.8025,124.02,26.2,79,98,2.25,PH,1627409720
461,mityana,0.4175,32.0228,22.77,73,30,1.02,UG,1627409721
462,eugene,44.0521,-123.0867,25.29,58,75,0.89,US,1627409463
463,dunkwa,5.9656,-1.78,25.2,74,100,1.21,GH,1627409722
464,ust-ilimsk,58.0006,102.6619,19.25,57,6,1.32,RU,1627409722
465,bismarck,46.8083,-100.7837,30.91,51,1,6.17,US,1627409454
466,tolaga bay,-38.3667,178.3,7.9,82,27,3.42,NZ,1627409723
467,big rapids,43.6981,-85.4837,28.28,47,1,4.63,US,1627409723
468,saskylakh,71.9167,114.0833,12.06,70,24,6.37,RU,1627409344
469,port-cartier,50.0334,-66.8654,20.12,84,100,1.49,CA,1627409378
470,norsup,-16.0667,167.3833,24.52,83,98,6.46,VU,1627409723
471,kismayo,-0.3582,42.5454,24.41,80,60,8.18,SO,1627409724
472,hofn,64.2539,-15.2082,13.09,77,96,2.23,IS,1627409390
473,virginia beach,36.8529,-75.978,33.38,69,75,4.12,US,1627409489
474,dembi dolo,8.5333,34.8,13.15,97,86,1.33,ET,1627409724
475,sorong,-0.8833,131.25,26.32,88,100,3.6,ID,1627409449
476,yuzawa,39.1667,140.5,19.61,95,48,1.26,JP,1627409725
477,mazamet,43.49,2.373,28.17,61,0,4.63,FR,1627409725
478,chapais,49.7834,-74.8492,14.72,46,78,3.0,CA,1627409446
479,manitouwadge,49.1215,-85.8403,23.88,33,2,1.65,CA,1627409725
480,ferme-neuve,46.7001,-75.4493,16.88,46,79,1.74,CA,1627409726
481,marystown,47.1666,-55.1483,19.36,100,100,2.68,CA,1627409726
482,kharp,66.8014,65.8081,9.62,91,99,5.08,RU,1627409726
483,port hueneme,34.1478,-119.1951,37.89,81,90,4.12,US,1627409727
484,redlands,34.0556,-117.1825,36.63,51,1,0.89,US,1627409727
485,springbok,-29.6643,17.8865,8.69,68,0,2.01,ZA,1627409727
486,log,49.4844,43.8613,23.34,35,93,2.67,RU,1627409728
487,tuatapere,-46.1333,167.6833,9.34,87,77,2.28,NZ,1627409117
488,buraydah,26.326,43.975,39.25,12,24,5.42,SA,1627409728
489,port augusta,-32.5,137.7667,15.08,69,75,5.84,AU,1627409728
490,kalmunai,7.4167,81.8167,28.43,68,94,1.16,LK,1627409729
491,hervey bay,-25.2986,152.8535,15.02,70,31,2.43,AU,1627409443
492,santa cruz del norte,23.1539,-81.9236,30.41,62,59,1.92,CU,1627409729
493,pacifica,37.6138,-122.4869,30.29,79,40,1.79,US,1627409729
494,lima,-12.0432,-77.0282,18.41,77,90,3.09,PE,1627409601
495,kyra,49.5776,111.9753,12.74,90,76,1.04,RU,1627409730
496,yankton,42.8711,-97.3973,34.14,49,1,2.06,US,1627409730
497,izalco,13.7447,-89.6731,31.24,51,56,2.09,SV,1627409731
498,wohlen,47.3524,8.2788,22.9,82,100,1.34,CH,1627409731
499,xai-xai,-25.0519,33.6442,16.94,69,1,2.96,MZ,1627409499
500,jimo,36.3897,120.4622,26.88,69,0,4.0,CN,1627409731
501,wamba,8.9333,8.6,21.56,86,94,1.85,NG,1627409732
502,bulawayo,-20.15,28.5833,11.43,37,0,3.71,ZW,1627409732
503,morros,-9.4467,-46.3003,35.03,21,0,1.12,BR,1627409732
504,merritt island,28.5392,-80.672,35.64,67,75,2.57,US,1627409733
505,prieska,-29.6641,22.7474,13.26,34,0,4.71,ZA,1627409733
506,tatarsk,55.219,75.9828,14.49,57,99,2.84,RU,1627409734
507,qeshm,26.9581,56.2719,34.93,63,62,4.3,IR,1627409734
508,emerald,-23.5333,148.1667,11.66,58,4,3.51,AU,1627409422
509,myaundzha,63.0494,147.1858,5.07,88,98,0.91,RU,1627409537
510,sogne,58.0833,7.8167,20.39,1,93,3.13,NO,1627409734
511,worthing,50.8145,-0.3713,19.82,71,40,2.68,GB,1627409735
512,tiznit,29.5833,-9.5,25.55,55,0,3.4,MA,1627409213
513,gold coast,-28.0,153.4333,12.94,93,2,4.15,AU,1627409446
514,laguna,38.421,-121.4238,29.28,29,1,1.54,US,1627409393
515,moree,-29.4667,149.85,10.01,71,0,5.14,AU,1627409735
516,knysna,-34.0363,23.0471,13.21,91,7,1.0,ZA,1627409736
517,otane,-39.8833,176.6333,7.44,95,25,1.86,NZ,1627409736
518,poltava,49.5937,34.5407,23.63,41,9,1.79,UA,1627409736
519,staunton,38.1496,-79.0717,34.73,40,40,2.06,US,1627409737
520,araouane,18.9048,-3.5265,40.88,16,97,5.15,ML,1627409737
521,shemursha,54.8866,47.5189,16.78,72,66,3.44,RU,1627409737
522,nyurba,63.2842,118.3319,17.0,79,61,1.43,RU,1627409738
523,moron,-34.6534,-58.6198,11.12,52,3,2.68,AR,1627409738
524,quelimane,-17.8786,36.8883,20.97,83,40,1.54,MZ,1627409738
525,pandan,14.0453,124.1694,28.39,75,92,8.21,PH,1627409739
526,nyakabindi,-2.6333,33.9833,22.11,40,61,2.19,TZ,1627409739
527,njeru,0.4186,33.1731,19.34,70,70,1.98,UG,1627409739
528,tucuma,-0.1833,-50.05,29.56,61,15,2.47,BR,1627409739
529,sheltozero,61.3667,35.3667,17.28,72,23,1.5,RU,1627409740
530,tabou,4.423,-7.3528,25.58,73,100,4.77,CI,1627409740
531,oranjestad,12.524,-70.027,31.97,66,40,6.69,AW,1627409136
532,hualmay,-11.0964,-77.6139,20.79,72,44,4.29,PE,1627409437
533,pacasmayo,-7.4006,-79.5714,22.09,72,35,6.5,PE,1627409449
534,erice,38.037,12.5865,27.22,57,0,3.09,IT,1627409741
535,pershotravneve,51.3929,28.8684,20.19,88,74,3.0,UA,1627409741
536,alghero,40.5589,8.3181,29.05,61,0,4.12,IT,1627409742
537,bonfim,3.0833,-59.95,31.33,57,12,2.67,BR,1627409742
538,bayir,37.2687,28.2167,32.29,22,0,3.33,TR,1627409742
539,atasu,48.6814,71.6433,17.88,37,3,4.84,KZ,1627409743
540,rognan,67.0953,15.3878,23.92,69,30,0.86,NO,1627409743
541,raudeberg,61.9875,5.1352,21.88,94,100,4.39,NO,1627409743
542,hebi,35.8992,114.1925,24.58,93,100,3.46,CN,1627409744
543,abashiri,44.0213,144.2697,19.3,96,37,4.8,JP,1627409744
544,quzhou,28.9594,118.8686,24.24,96,85,1.69,CN,1627409744
545,flinders,-34.5833,150.8552,15.21,62,100,1.79,AU,1627409745
546,miles city,46.4083,-105.8406,34.54,22,1,0.0,US,1627409589
547,rio grande,-32.035,-52.0986,11.06,44,23,9.41,BR,1627409469
548,coihaique,-45.5752,-72.0662,8.97,53,0,1.54,CL,1627409333
549,shitanjing,39.2342,106.3439,20.48,51,55,2.63,CN,1627409745
550,vidim,56.4088,103.1106,18.06,52,1,1.2,RU,1627409409
551,maragogi,-9.0122,-35.2225,25.8,75,18,4.43,BR,1627409746
552,bastia,42.6667,9.3333,28.89,90,75,5.14,FR,1627409746
553,brae,60.3964,-1.353,12.95,83,80,2.33,GB,1627409746
554,sorland,67.667,12.6934,19.04,89,7,5.87,NO,1627409747
555,taber,49.8167,-112.1518,32.58,13,100,5.18,CA,1627409579
556,karatau,43.1667,70.4667,23.85,27,0,3.15,KZ,1627409747
557,wetaskiwin,52.9668,-113.3687,22.66,57,0,2.85,CA,1627409705
558,taoudenni,22.6783,-3.9836,45.38,4,6,5.41,ML,1627409337
559,ponta delgada,37.7333,-25.6667,22.4,88,75,6.17,PT,1627409748
560,westminster,39.8367,-105.0372,33.43,29,1,1.79,US,1627409748
561,ayorou,14.7308,0.9174,34.02,41,99,4.79,NE,1627409748
562,lipari,38.4674,14.954,30.53,72,0,0.79,IT,1627409749
563,husavik,66.0449,-17.3389,9.95,99,100,5.02,IS,1627409734
564,scarborough,54.2797,-0.4044,21.41,79,100,0.45,GB,1627409749
565,taltal,-25.4,-70.4833,16.36,67,0,3.08,CL,1627409438
566,barranca,-10.75,-77.7667,20.45,71,43,4.39,PE,1627409750
567,fuling,29.7022,107.3919,23.99,95,44,1.62,CN,1627409750
568,bundaberg,-24.85,152.35,15.12,91,75,0.89,AU,1627409751
569,samarkand,39.6542,66.9597,28.68,23,0,6.17,UZ,1627409751
570,hutchinson,38.0608,-97.9298,33.97,46,1,0.45,US,1627409749
571,hovd,48.0056,91.6419,18.7,62,48,1.56,MN,1627409435
572,amuntai,-2.4177,115.2494,23.79,91,99,0.92,ID,1627409752
573,alamosa,37.4695,-105.87,27.59,43,1,1.54,US,1627409752
574,petropavlovsk-kamchatskiy,53.0452,158.6483,16.33,88,75,1.0,RU,1627409752
575,kapoeta,4.7717,33.5903,24.76,65,93,4.23,SS,1627409753
576,hamada,34.8833,132.0833,25.56,91,63,1.65,JP,1627409753
577,kembe,4.6228,21.8865,21.84,86,66,1.61,CF,1627409753
578,launceston,-41.45,147.1667,11.56,92,75,1.79,AU,1627409311
579,ilo,-17.6394,-71.3375,15.48,88,90,3.09,PE,1627409754
580,were ilu,10.6,39.4333,13.25,85,90,0.29,ET,1627409754
581,gizo,-8.103,156.8419,27.51,76,93,3.08,SB,1627409444
582,nacala,-14.5428,40.6728,21.87,65,38,5.35,MZ,1627409755
583,marzuq,14.4,46.4667,25.16,71,85,3.85,YE,1627409251
584,sisimiut,66.9395,-53.6735,14.15,56,92,10.34,GL,1627409755
585,kelo,9.3086,15.8066,20.82,97,100,1.42,TD,1627409755
586,esna,25.2934,32.554,35.4,17,22,5.23,EG,1627409756
587,cayenne,4.9333,-52.3333,30.05,76,90,2.68,GF,1627409443
588,eureka,40.8021,-124.1637,12.92,91,100,1.62,US,1627409518
589,san ramon,37.7799,-121.978,29.07,46,1,0.45,US,1627409557
590,dom pedrito,-30.9828,-54.6731,9.51,41,1,6.28,BR,1627409757
591,grand gaube,-20.0064,57.6608,19.65,82,67,2.68,MU,1627409462
592,mandalgovi,45.7625,106.2708,18.02,63,98,3.08,MN,1627409757
593,thaba nchu,-29.2093,26.839,3.88,37,3,2.77,ZA,1627409757
594,vilyuysk,63.7553,121.6247,14.25,63,79,1.48,RU,1627409758
595,san pedro,14.35,121.0167,27.86,89,99,8.45,PH,1627409397
596,gua musang,4.8823,101.9644,23.01,97,43,0.61,MY,1627409758
